[{"model": "admin.logentry", "pk": 1, "fields": {"action_time": "2023-02-14T13:34:21.493Z", "user": 1, "content_type": 8, "object_id": "1", "object_repr": "/about/ -- Title", "action_flag": 1, "change_message": "[{\"added\": {}}]"}}, {"model": "admin.logentry", "pk": 2, "fields": {"action_time": "2023-02-14T14:04:25.440Z", "user": 1, "content_type": 9, "object_id": "1", "object_repr": "Notebooks", "action_flag": 1, "change_message": "[{\"added\": {}}]"}}, {"model": "admin.logentry", "pk": 3, "fields": {"action_time": "2023-02-14T14:04:31.474Z", "user": 1, "content_type": 10, "object_id": "1", "object_repr": "/Laptop/: msi", "action_flag": 1, "change_message": "[{\"added\": {}}]"}}, {"model": "admin.logentry", "pk": 4, "fields": {"action_time": "2023-02-14T14:04:38.974Z", "user": 1, "content_type": 10, "object_id": "1", "object_repr": "Laptop: msi", "action_flag": 2, "change_message": "[{\"changed\": {\"fields\": [\"Name\"]}}]"}}, {"model": "admin.logentry", "pk": 5, "fields": {"action_time": "2023-02-14T14:04:43.072Z", "user": 1, "content_type": 10, "object_id": "1", "object_repr": "Laptop: msi", "action_flag": 2, "change_message": "[]"}}, {"model": "admin.logentry", "pk": 6, "fields": {"action_time": "2023-02-14T14:05:39.401Z", "user": 1, "content_type": 8, "object_id": "2", "object_repr": "/products/ -- PRODUCTS", "action_flag": 1, "change_message": "[{\"added\": {}}]"}}, {"model": "admin.logentry", "pk": 7, "fields": {"action_time": "2023-02-14T14:06:54.175Z", "user": 1, "content_type": 8, "object_id": "2", "object_repr": "/products/ -- Title", "action_flag": 2, "change_message": "[{\"changed\": {\"fields\": [\"Title\", \"Content\"]}}]"}}, {"model": "admin.logentry", "pk": 8, "fields": {"action_time": "2023-02-14T14:25:53.040Z", "user": 1, "content_type": 8, "object_id": "2", "object_repr": "/products/ -- Title", "action_flag": 3, "change_message": ""}}, {"model": "admin.logentry", "pk": 9, "fields": {"action_time": "2023-02-14T14:30:27.606Z", "user": 1, "content_type": 8, "object_id": "3", "object_repr": "/products/ -- 123", "action_flag": 1, "change_message": "[{\"added\": {}}]"}}, {"model": "admin.logentry", "pk": 10, "fields": {"action_time": "2023-02-14T14:33:55.451Z", "user": 1, "content_type": 8, "object_id": "3", "object_repr": "/products/ -- 123", "action_flag": 3, "change_message": ""}}, {"model": "admin.logentry", "pk": 11, "fields": {"action_time": "2023-02-14T14:34:08.834Z", "user": 1, "content_type": 10, "object_id": "2", "object_repr": "123: 321", "action_flag": 1, "change_message": "[{\"added\": {}}]"}}, {"model": "admin.logentry", "pk": 12, "fields": {"action_time": "2023-02-14T14:38:22.046Z", "user": 1, "content_type": 8, "object_id": "4", "object_repr": "/products/ -- title", "action_flag": 1, "change_message": "[{\"added\": {}}]"}}, {"model": "admin.logentry", "pk": 13, "fields": {"action_time": "2023-02-14T14:39:20.551Z", "user": 1, "content_type": 8, "object_id": "4", "object_repr": "/products/ -- title", "action_flag": 3, "change_message": ""}}, {"model": "admin.logentry", "pk": 14, "fields": {"action_time": "2023-02-21T09:21:47.945Z", "user": 1, "content_type": 10, "object_id": "3", "object_repr": "Imac: 123", "action_flag": 1, "change_message": "[{\"added\": {}}]"}}, {"model": "admin.logentry", "pk": 15, "fields": {"action_time": "2023-02-21T09:44:21.136Z", "user": 1, "content_type": 10, "object_id": "4", "object_repr": "Asus: notebook", "action_flag": 1, "change_message": "[{\"added\": {}}]"}}, {"model": "admin.logentry", "pk": 16, "fields": {"action_time": "2023-02-21T09:45:00.129Z", "user": 1, "content_type": 10, "object_id": "5", "object_repr": "Xiaomi Laptop: 123", "action_flag": 1, "change_message": "[{\"added\": {}}]"}}, {"model": "admin.logentry", "pk": 17, "fields": {"action_time": "2023-02-21T10:23:00.368Z", "user": 1, "content_type": 10, "object_id": "6", "object_repr": "Pr: Test", "action_flag": 1, "change_message": "[{\"added\": {}}]"}}, {"model": "admin.logentry", "pk": 18, "fields": {"action_time": "2023-02-21T10:23:18.504Z", "user": 1, "content_type": 10, "object_id": "7", "object_repr": "Hartens: ?", "action_flag": 1, "change_message": "[{\"added\": {}}]"}}, {"model": "admin.logentry", "pk": 19, "fields": {"action_time": "2023-03-05T09:14:44.302Z", "user": 1, "content_type": 7, "object_id": "1", "object_repr": "127.0.0.1:8000", "action_flag": 2, "change_message": "[{\"changed\": {\"fields\": [\"Domain name\"]}}]"}}, {"model": "admin.logentry", "pk": 20, "fields": {"action_time": "2023-03-05T09:14:53.235Z", "user": 1, "content_type": 7, "object_id": "1", "object_repr": "127.0.0.1", "action_flag": 2, "change_message": "[{\"changed\": {\"fields\": [\"Domain name\"]}}]"}}, {"model": "admin.logentry", "pk": 21, "fields": {"action_time": "2023-03-05T09:45:04.401Z", "user": 1, "content_type": 16, "object_id": "1", "object_repr": "Yandex", "action_flag": 1, "change_message": "[{\"added\": {}}]"}}, {"model": "admin.logentry", "pk": 22, "fields": {"action_time": "2023-03-05T09:45:14.129Z", "user": 1, "content_type": 16, "object_id": "1", "object_repr": "Yandex", "action_flag": 2, "change_message": "[]"}}, {"model": "admin.logentry", "pk": 23, "fields": {"action_time": "2023-03-05T11:45:17.839Z", "user": 1, "content_type": 3, "object_id": "1", "object_repr": "common users", "action_flag": 1, "change_message": "[{\"added\": {}}]"}}, {"model": "admin.logentry", "pk": 24, "fields": {"action_time": "2023-03-05T11:46:35.184Z", "user": 1, "content_type": 3, "object_id": "2", "object_repr": "managers", "action_flag": 1, "change_message": "[{\"added\": {}}]"}}, {"model": "admin.logentry", "pk": 25, "fields": {"action_time": "2023-03-05T11:48:07.451Z", "user": 1, "content_type": 4, "object_id": "2", "object_repr": "Vasya", "action_flag": 2, "change_message": "[{\"changed\": {\"fields\": [\"Groups\"]}}]"}}, {"model": "admin.logentry", "pk": 26, "fields": {"action_time": "2023-03-05T11:48:35.165Z", "user": 1, "content_type": 4, "object_id": "1", "object_repr": "admin", "action_flag": 2, "change_message": "[{\"changed\": {\"fields\": [\"Groups\"]}}]"}}, {"model": "admin.logentry", "pk": 27, "fields": {"action_time": "2023-03-06T09:35:46.719Z", "user": 1, "content_type": 3, "object_id": "2", "object_repr": "managers", "action_flag": 2, "change_message": "[]"}}, {"model": "admin.logentry", "pk": 28, "fields": {"action_time": "2023-03-06T09:35:59.505Z", "user": 1, "content_type": 3, "object_id": "2", "object_repr": "managers", "action_flag": 2, "change_message": "[{\"changed\": {\"fields\": [\"Permissions\"]}}]"}}, {"model": "admin.logentry", "pk": 29, "fields": {"action_time": "2023-03-10T11:35:01.154Z", "user": 1, "content_type": 4, "object_id": "5", "object_repr": "132", "action_flag": 3, "change_message": ""}}, {"model": "admin.logentry", "pk": 30, "fields": {"action_time": "2023-03-10T11:35:01.158Z", "user": 1, "content_type": 4, "object_id": "6", "object_repr": "133", "action_flag": 3, "change_message": ""}}, {"model": "admin.logentry", "pk": 31, "fields": {"action_time": "2023-03-10T11:35:01.163Z", "user": 1, "content_type": 4, "object_id": "2", "object_repr": "Vasya", "action_flag": 3, "change_message": ""}}, {"model": "admin.logentry", "pk": 32, "fields": {"action_time": "2023-03-10T11:35:01.167Z", "user": 1, "content_type": 4, "object_id": "3", "object_repr": "a.v.pltnv", "action_flag": 3, "change_message": ""}}, {"model": "admin.logentry", "pk": 33, "fields": {"action_time": "2023-03-10T11:35:01.170Z", "user": 1, "content_type": 4, "object_id": "4", "object_repr": "antpltv", "action_flag": 3, "change_message": ""}}, {"model": "admin.logentry", "pk": 34, "fields": {"action_time": "2023-03-10T11:45:54.644Z", "user": 1, "content_type": 4, "object_id": "8", "object_repr": "a.v.pltnv", "action_flag": 3, "change_message": ""}}, {"model": "admin.logentry", "pk": 35, "fields": {"action_time": "2023-03-10T11:45:54.647Z", "user": 1, "content_type": 4, "object_id": "7", "object_repr": "dotasymphony", "action_flag": 3, "change_message": ""}}, {"model": "admin.logentry", "pk": 36, "fields": {"action_time": "2023-03-10T12:09:57.652Z", "user": 1, "content_type": 4, "object_id": "10", "object_repr": "a.v.pltnv", "action_flag": 3, "change_message": ""}}, {"model": "admin.logentry", "pk": 37, "fields": {"action_time": "2023-03-10T12:09:57.656Z", "user": 1, "content_type": 4, "object_id": "11", "object_repr": "antpltv", "action_flag": 3, "change_message": ""}}, {"model": "admin.logentry", "pk": 38, "fields": {"action_time": "2023-03-10T12:09:57.659Z", "user": 1, "content_type": 4, "object_id": "9", "object_repr": "dotasymphony", "action_flag": 3, "change_message": ""}}, {"model": "admin.logentry", "pk": 39, "fields": {"action_time": "2023-03-10T12:38:52.551Z", "user": 1, "content_type": 4, "object_id": "13", "object_repr": "a.v.pltnv", "action_flag": 3, "change_message": ""}}, {"model": "admin.logentry", "pk": 40, "fields": {"action_time": "2023-03-10T12:38:52.555Z", "user": 1, "content_type": 4, "object_id": "12", "object_repr": "dotasymphony", "action_flag": 3, "change_message": ""}}, {"model": "admin.logentry", "pk": 41, "fields": {"action_time": "2023-03-10T12:48:09.749Z", "user": 1, "content_type": 4, "object_id": "14", "object_repr": "dotasymphony", "action_flag": 3, "change_message": ""}}, {"model": "admin.logentry", "pk": 42, "fields": {"action_time": "2023-03-11T08:37:37.676Z", "user": 1, "content_type": 4, "object_id": "15", "object_repr": "dotasymphony", "action_flag": 3, "change_message": ""}}, {"model": "admin.logentry", "pk": 43, "fields": {"action_time": "2023-03-11T08:53:04.974Z", "user": 1, "content_type": 4, "object_id": "16", "object_repr": "dotasymphony", "action_flag": 3, "change_message": ""}}, {"model": "admin.logentry", "pk": 44, "fields": {"action_time": "2023-03-11T08:59:32.304Z", "user": 1, "content_type": 4, "object_id": "17", "object_repr": "dotasymphony", "action_flag": 3, "change_message": ""}}, {"model": "admin.logentry", "pk": 45, "fields": {"action_time": "2023-03-11T09:01:45.007Z", "user": 1, "content_type": 4, "object_id": "18", "object_repr": "dotasymphony", "action_flag": 3, "change_message": ""}}, {"model": "admin.logentry", "pk": 46, "fields": {"action_time": "2023-03-11T09:04:18.467Z", "user": 1, "content_type": 4, "object_id": "19", "object_repr": "dotasymphony", "action_flag": 3, "change_message": ""}}, {"model": "admin.logentry", "pk": 47, "fields": {"action_time": "2023-03-11T10:40:55.831Z", "user": 1, "content_type": 9, "object_id": "2", "object_repr": "╥хыхтшчюЁ√", "action_flag": 1, "change_message": "[{\"added\": {}}]"}}, {"model": "admin.logentry", "pk": 48, "fields": {"action_time": "2023-03-11T10:41:01.262Z", "user": 1, "content_type": 9, "object_id": "3", "object_repr": "╥хыхЇюэ√", "action_flag": 1, "change_message": "[{\"added\": {}}]"}}, {"model": "admin.logentry", "pk": 49, "fields": {"action_time": "2023-03-12T10:38:54.419Z", "user": 1, "content_type": 10, "object_id": "13", "object_repr": "Samsung: +100500", "action_flag": 1, "change_message": "[{\"added\": {}}]"}}, {"model": "admin.logentry", "pk": 50, "fields": {"action_time": "2023-03-12T10:39:49.331Z", "user": 1, "content_type": 10, "object_id": "14", "object_repr": "Iphone: XR", "action_flag": 1, "change_message": "[{\"added\": {}}]"}}, {"model": "admin.logentry", "pk": 51, "fields": {"action_time": "2023-03-12T10:41:24.453Z", "user": 1, "content_type": 10, "object_id": "15", "object_repr": "111: 333", "action_flag": 1, "change_message": "[{\"added\": {}}]"}}, {"model": "admin.logentry", "pk": 52, "fields": {"action_time": "2023-03-12T10:41:52.797Z", "user": 1, "content_type": 10, "object_id": "16", "object_repr": "23213: 5325herhg", "action_flag": 1, "change_message": "[{\"added\": {}}]"}}, {"model": "admin.logentry", "pk": 53, "fields": {"action_time": "2023-03-13T10:41:18.867Z", "user": 1, "content_type": 10, "object_id": "17", "object_repr": "Nokia: 3610", "action_flag": 1, "change_message": "[{\"added\": {}}]"}}, {"model": "admin.logentry", "pk": 54, "fields": {"action_time": "2023-03-13T10:42:20.128Z", "user": 1, "content_type": 10, "object_id": "18", "object_repr": "Samsung Galaxy Gio: Galaxy Gio", "action_flag": 1, "change_message": "[{\"added\": {}}]"}}, {"model": "admin.logentry", "pk": 55, "fields": {"action_time": "2023-03-13T10:44:42.466Z", "user": 1, "content_type": 10, "object_id": "19", "object_repr": "3123124: 53245", "action_flag": 1, "change_message": "[{\"added\": {}}]"}}, {"model": "admin.logentry", "pk": 56, "fields": {"action_time": "2023-03-13T10:46:43.792Z", "user": 1, "content_type": 10, "object_id": "20", "object_repr": "Ssdsad: fewfwef", "action_flag": 1, "change_message": "[{\"added\": {}}]"}}, {"model": "admin.logentry", "pk": 57, "fields": {"action_time": "2023-03-13T10:48:07.940Z", "user": 1, "content_type": 10, "object_id": "21", "object_repr": "Blalbawd: t4t23t32", "action_flag": 1, "change_message": "[{\"added\": {}}]"}}, {"model": "admin.logentry", "pk": 58, "fields": {"action_time": "2023-03-13T10:49:41.707Z", "user": 1, "content_type": 10, "object_id": "22", "object_repr": "Kjjjjf: f32f32", "action_flag": 1, "change_message": "[{\"added\": {}}]"}}, {"model": "admin.logentry", "pk": 59, "fields": {"action_time": "2023-03-13T12:24:14.843Z", "user": 1, "content_type": 10, "object_id": "23", "object_repr": "55125: 5125152", "action_flag": 1, "change_message": "[{\"added\": {}}]"}}, {"model": "admin.logentry", "pk": 60, "fields": {"action_time": "2023-03-27T12:21:58.090Z", "user": 1, "content_type": 4, "object_id": "20", "object_repr": "dotasymphony", "action_flag": 2, "change_message": "[{\"changed\": {\"fields\": [\"Groups\"]}}]"}}, {"model": "admin.logentry", "pk": 61, "fields": {"action_time": "2023-03-27T12:34:33.672Z", "user": 1, "content_type": 10, "object_id": "1", "object_repr": "Laptop: ism", "action_flag": 2, "change_message": "[{\"changed\": {\"fields\": [\"Description\"]}}]"}}, {"model": "admin.logentry", "pk": 62, "fields": {"action_time": "2023-03-27T12:35:20.878Z", "user": 1, "content_type": 10, "object_id": "1", "object_repr": "Laptop2: ism", "action_flag": 2, "change_message": "[{\"changed\": {\"fields\": [\"Name\"]}}]"}}, {"model": "auth.permission", "pk": 1, "fields": {"name": "Can add log entry", "content_type": 1, "codename": "add_logentry"}}, {"model": "auth.permission", "pk": 2, "fields": {"name": "Can change log entry", "content_type": 1, "codename": "change_logentry"}}, {"model": "auth.permission", "pk": 3, "fields": {"name": "Can delete log entry", "content_type": 1, "codename": "delete_logentry"}}, {"model": "auth.permission", "pk": 4, "fields": {"name": "Can view log entry", "content_type": 1, "codename": "view_logentry"}}, {"model": "auth.permission", "pk": 5, "fields": {"name": "Can add permission", "content_type": 2, "codename": "add_permission"}}, {"model": "auth.permission", "pk": 6, "fields": {"name": "Can change permission", "content_type": 2, "codename": "change_permission"}}, {"model": "auth.permission", "pk": 7, "fields": {"name": "Can delete permission", "content_type": 2, "codename": "delete_permission"}}, {"model": "auth.permission", "pk": 8, "fields": {"name": "Can view permission", "content_type": 2, "codename": "view_permission"}}, {"model": "auth.permission", "pk": 9, "fields": {"name": "Can add group", "content_type": 3, "codename": "add_group"}}, {"model": "auth.permission", "pk": 10, "fields": {"name": "Can change group", "content_type": 3, "codename": "change_group"}}, {"model": "auth.permission", "pk": 11, "fields": {"name": "Can delete group", "content_type": 3, "codename": "delete_group"}}, {"model": "auth.permission", "pk": 12, "fields": {"name": "Can view group", "content_type": 3, "codename": "view_group"}}, {"model": "auth.permission", "pk": 13, "fields": {"name": "Can add user", "content_type": 4, "codename": "add_user"}}, {"model": "auth.permission", "pk": 14, "fields": {"name": "Can change user", "content_type": 4, "codename": "change_user"}}, {"model": "auth.permission", "pk": 15, "fields": {"name": "Can delete user", "content_type": 4, "codename": "delete_user"}}, {"model": "auth.permission", "pk": 16, "fields": {"name": "Can view user", "content_type": 4, "codename": "view_user"}}, {"model": "auth.permission", "pk": 17, "fields": {"name": "Can add content type", "content_type": 5, "codename": "add_contenttype"}}, {"model": "auth.permission", "pk": 18, "fields": {"name": "Can change content type", "content_type": 5, "codename": "change_contenttype"}}, {"model": "auth.permission", "pk": 19, "fields": {"name": "Can delete content type", "content_type": 5, "codename": "delete_contenttype"}}, {"model": "auth.permission", "pk": 20, "fields": {"name": "Can view content type", "content_type": 5, "codename": "view_contenttype"}}, {"model": "auth.permission", "pk": 21, "fields": {"name": "Can add session", "content_type": 6, "codename": "add_session"}}, {"model": "auth.permission", "pk": 22, "fields": {"name": "Can change session", "content_type": 6, "codename": "change_session"}}, {"model": "auth.permission", "pk": 23, "fields": {"name": "Can delete session", "content_type": 6, "codename": "delete_session"}}, {"model": "auth.permission", "pk": 24, "fields": {"name": "Can view session", "content_type": 6, "codename": "view_session"}}, {"model": "auth.permission", "pk": 25, "fields": {"name": "Can add site", "content_type": 7, "codename": "add_site"}}, {"model": "auth.permission", "pk": 26, "fields": {"name": "Can change site", "content_type": 7, "codename": "change_site"}}, {"model": "auth.permission", "pk": 27, "fields": {"name": "Can delete site", "content_type": 7, "codename": "delete_site"}}, {"model": "auth.permission", "pk": 28, "fields": {"name": "Can view site", "content_type": 7, "codename": "view_site"}}, {"model": "auth.permission", "pk": 29, "fields": {"name": "Can add flat page", "content_type": 8, "codename": "add_flatpage"}}, {"model": "auth.permission", "pk": 30, "fields": {"name": "Can change flat page", "content_type": 8, "codename": "change_flatpage"}}, {"model": "auth.permission", "pk": 31, "fields": {"name": "Can delete flat page", "content_type": 8, "codename": "delete_flatpage"}}, {"model": "auth.permission", "pk": 32, "fields": {"name": "Can view flat page", "content_type": 8, "codename": "view_flatpage"}}, {"model": "auth.permission", "pk": 33, "fields": {"name": "Can add category", "content_type": 9, "codename": "add_category"}}, {"model": "auth.permission", "pk": 34, "fields": {"name": "Can change category", "content_type": 9, "codename": "change_category"}}, {"model": "auth.permission", "pk": 35, "fields": {"name": "Can delete category", "content_type": 9, "codename": "delete_category"}}, {"model": "auth.permission", "pk": 36, "fields": {"name": "Can view category", "content_type": 9, "codename": "view_category"}}, {"model": "auth.permission", "pk": 37, "fields": {"name": "Can add product", "content_type": 10, "codename": "add_product"}}, {"model": "auth.permission", "pk": 38, "fields": {"name": "Can change product", "content_type": 10, "codename": "change_product"}}, {"model": "auth.permission", "pk": 39, "fields": {"name": "Can delete product", "content_type": 10, "codename": "delete_product"}}, {"model": "auth.permission", "pk": 40, "fields": {"name": "Can view product", "content_type": 10, "codename": "view_product"}}, {"model": "auth.permission", "pk": 41, "fields": {"name": "Can add product material", "content_type": 11, "codename": "add_productmaterial"}}, {"model": "auth.permission", "pk": 42, "fields": {"name": "Can change product material", "content_type": 11, "codename": "change_productmaterial"}}, {"model": "auth.permission", "pk": 43, "fields": {"name": "Can delete product material", "content_type": 11, "codename": "delete_productmaterial"}}, {"model": "auth.permission", "pk": 44, "fields": {"name": "Can view product material", "content_type": 11, "codename": "view_productmaterial"}}, {"model": "auth.permission", "pk": 45, "fields": {"name": "Can add material", "content_type": 12, "codename": "add_material"}}, {"model": "auth.permission", "pk": 46, "fields": {"name": "Can change material", "content_type": 12, "codename": "change_material"}}, {"model": "auth.permission", "pk": 47, "fields": {"name": "Can delete material", "content_type": 12, "codename": "delete_material"}}, {"model": "auth.permission", "pk": 48, "fields": {"name": "Can view material", "content_type": 12, "codename": "view_material"}}, {"model": "auth.permission", "pk": 49, "fields": {"name": "Can add email address", "content_type": 13, "codename": "add_emailaddress"}}, {"model": "auth.permission", "pk": 50, "fields": {"name": "Can change email address", "content_type": 13, "codename": "change_emailaddress"}}, {"model": "auth.permission", "pk": 51, "fields": {"name": "Can delete email address", "content_type": 13, "codename": "delete_emailaddress"}}, {"model": "auth.permission", "pk": 52, "fields": {"name": "Can view email address", "content_type": 13, "codename": "view_emailaddress"}}, {"model": "auth.permission", "pk": 53, "fields": {"name": "Can add email confirmation", "content_type": 14, "codename": "add_emailconfirmation"}}, {"model": "auth.permission", "pk": 54, "fields": {"name": "Can change email confirmation", "content_type": 14, "codename": "change_emailconfirmation"}}, {"model": "auth.permission", "pk": 55, "fields": {"name": "Can delete email confirmation", "content_type": 14, "codename": "delete_emailconfirmation"}}, {"model": "auth.permission", "pk": 56, "fields": {"name": "Can view email confirmation", "content_type": 14, "codename": "view_emailconfirmation"}}, {"model": "auth.permission", "pk": 57, "fields": {"name": "Can add social account", "content_type": 15, "codename": "add_socialaccount"}}, {"model": "auth.permission", "pk": 58, "fields": {"name": "Can change social account", "content_type": 15, "codename": "change_socialaccount"}}, {"model": "auth.permission", "pk": 59, "fields": {"name": "Can delete social account", "content_type": 15, "codename": "delete_socialaccount"}}, {"model": "auth.permission", "pk": 60, "fields": {"name": "Can view social account", "content_type": 15, "codename": "view_socialaccount"}}, {"model": "auth.permission", "pk": 61, "fields": {"name": "Can add social application", "content_type": 16, "codename": "add_socialapp"}}, {"model": "auth.permission", "pk": 62, "fields": {"name": "Can change social application", "content_type": 16, "codename": "change_socialapp"}}, {"model": "auth.permission", "pk": 63, "fields": {"name": "Can delete social application", "content_type": 16, "codename": "delete_socialapp"}}, {"model": "auth.permission", "pk": 64, "fields": {"name": "Can view social application", "content_type": 16, "codename": "view_socialapp"}}, {"model": "auth.permission", "pk": 65, "fields": {"name": "Can add social application token", "content_type": 17, "codename": "add_socialtoken"}}, {"model": "auth.permission", "pk": 66, "fields": {"name": "Can change social application token", "content_type": 17, "codename": "change_socialtoken"}}, {"model": "auth.permission", "pk": 67, "fields": {"name": "Can delete social application token", "content_type": 17, "codename": "delete_socialtoken"}}, {"model": "auth.permission", "pk": 68, "fields": {"name": "Can view social application token", "content_type": 17, "codename": "view_socialtoken"}}, {"model": "auth.permission", "pk": 69, "fields": {"name": "Can add subscription", "content_type": 18, "codename": "add_subscription"}}, {"model": "auth.permission", "pk": 70, "fields": {"name": "Can change subscription", "content_type": 18, "codename": "change_subscription"}}, {"model": "auth.permission", "pk": 71, "fields": {"name": "Can delete subscription", "content_type": 18, "codename": "delete_subscription"}}, {"model": "auth.permission", "pk": 72, "fields": {"name": "Can view subscription", "content_type": 18, "codename": "view_subscription"}}, {"model": "auth.permission", "pk": 73, "fields": {"name": "Can add django job", "content_type": 19, "codename": "add_djangojob"}}, {"model": "auth.permission", "pk": 74, "fields": {"name": "Can change django job", "content_type": 19, "codename": "change_djangojob"}}, {"model": "auth.permission", "pk": 75, "fields": {"name": "Can delete django job", "content_type": 19, "codename": "delete_djangojob"}}, {"model": "auth.permission", "pk": 76, "fields": {"name": "Can view django job", "content_type": 19, "codename": "view_djangojob"}}, {"model": "auth.permission", "pk": 77, "fields": {"name": "Can add django job execution", "content_type": 20, "codename": "add_djangojobexecution"}}, {"model": "auth.permission", "pk": 78, "fields": {"name": "Can change django job execution", "content_type": 20, "codename": "change_djangojobexecution"}}, {"model": "auth.permission", "pk": 79, "fields": {"name": "Can delete django job execution", "content_type": 20, "codename": "delete_djangojobexecution"}}, {"model": "auth.permission", "pk": 80, "fields": {"name": "Can view django job execution", "content_type": 20, "codename": "view_djangojobexecution"}}, {"model": "auth.group", "pk": 1, "fields": {"name": "common users", "permissions": []}}, {"model": "auth.group", "pk": 2, "fields": {"name": "managers", "permissions": [33, 34, 35]}}, {"model": "auth.user", "pk": 1, "fields": {"password": "pbkdf2_sha256$390000$U4Mza7FBTDZxho7SEevrL7$GHpYna85uka2iT3zBDcslsSEl9cIua3wP6J+HxKmOs4=", "last_login": "2023-03-30T11:24:00.025Z", "is_superuser": true, "username": "admin", "first_name": "", "last_name": "", "email": "", "is_staff": true, "is_active": true, "date_joined": "2023-02-14T13:30:23Z", "groups": [1, 2], "user_permissions": []}}, {"model": "auth.user", "pk": 20, "fields": {"password": "pbkdf2_sha256$390000$KKYvPhVdRsEwVjeqn4a35i$wWawIZ5z0iNO5WYG/lUwIrM3J9SsbUiU2MgPBcaDAhM=", "last_login": "2023-03-30T11:23:41.202Z", "is_superuser": false, "username": "dotasymphony", "first_name": "", "last_name": "", "email": "dotasymphony@gmail.com", "is_staff": false, "is_active": true, "date_joined": "2023-03-11T09:04:41Z", "groups": [2], "user_permissions": []}}, {"model": "auth.user", "pk": 21, "fields": {"password": "pbkdf2_sha256$390000$LABKDGYiSvQ410bQ2hozax$pEKdkGaAwA9S9/54P5JZIPKqRokg8NNusd1fioAY9UI=", "last_login": "2023-03-27T12:29:49.295Z", "is_superuser": false, "username": "a.v.pltnv", "first_name": "", "last_name": "", "email": "a.v.pltnv@gmail.com", "is_staff": false, "is_active": true, "date_joined": "2023-03-27T12:29:49.055Z", "groups": [], "user_permissions": []}}, {"model": "contenttypes.contenttype", "pk": 1, "fields": {"app_label": "admin", "model": "logentry"}}, {"model": "contenttypes.contenttype", "pk": 2, "fields": {"app_label": "auth", "model": "permission"}}, {"model": "contenttypes.contenttype", "pk": 3, "fields": {"app_label": "auth", "model": "group"}}, {"model": "contenttypes.contenttype", "pk": 4, "fields": {"app_label": "auth", "model": "user"}}, {"model": "contenttypes.contenttype", "pk": 5, "fields": {"app_label": "contenttypes", "model": "contenttype"}}, {"model": "contenttypes.contenttype", "pk": 6, "fields": {"app_label": "sessions", "model": "session"}}, {"model": "contenttypes.contenttype", "pk": 7, "fields": {"app_label": "sites", "model": "site"}}, {"model": "contenttypes.contenttype", "pk": 8, "fields": {"app_label": "flatpages", "model": "flatpage"}}, {"model": "contenttypes.contenttype", "pk": 9, "fields": {"app_label": "simpleapp", "model": "category"}}, {"model": "contenttypes.contenttype", "pk": 10, "fields": {"app_label": "simpleapp", "model": "product"}}, {"model": "contenttypes.contenttype", "pk": 11, "fields": {"app_label": "simpleapp", "model": "productmaterial"}}, {"model": "contenttypes.contenttype", "pk": 12, "fields": {"app_label": "simpleapp", "model": "material"}}, {"model": "contenttypes.contenttype", "pk": 13, "fields": {"app_label": "account", "model": "emailaddress"}}, {"model": "contenttypes.contenttype", "pk": 14, "fields": {"app_label": "account", "model": "emailconfirmation"}}, {"model": "contenttypes.contenttype", "pk": 15, "fields": {"app_label": "socialaccount", "model": "socialaccount"}}, {"model": "contenttypes.contenttype", "pk": 16, "fields": {"app_label": "socialaccount", "model": "socialapp"}}, {"model": "contenttypes.contenttype", "pk": 17, "fields": {"app_label": "socialaccount", "model": "socialtoken"}}, {"model": "contenttypes.contenttype", "pk": 18, "fields": {"app_label": "simpleapp", "model": "subscription"}}, {"model": "contenttypes.contenttype", "pk": 19, "fields": {"app_label": "django_apscheduler", "model": "djangojob"}}, {"model": "contenttypes.contenttype", "pk": 20, "fields": {"app_label": "django_apscheduler", "model": "djangojobexecution"}}, {"model": "sessions.session", "pk": "2cgdsf2qaynunfr89ii1s21aft1foqv6", "fields": {"session_data": ".eJxVjMsOwiAQRf-FtSFQHu24dO83kBkGpGogKe3K-O_apAvd3nPOfYmA21rC1tMSZhZnocXpdyOMj1R3wHestyZjq-syk9wVedAur43T83K4fwcFe_nWzhA44IxaZetGCwCYvYGsBwUWjALtYpwGlckbhTBOySMkzkyWwLJ4fwDExDeU:1phqNs:8rpWKodQttlKyVQuAD2pMLw61gtLw8FgEHABbPws-Cw", "expire_date": "2023-04-13T11:24:00.029Z"}}, {"model": "sessions.session", "pk": "2pbtz814rkw0aq4wuvtayl3tgo2wyw3e", "fields": {"session_data": ".eJxVjMsOgyAURP-FdWN4icVd_RFyL1wiKcVEoZum_15t3LicMzPnw8D7pZXq3rSmmCg4ekHKbCwt5xtz0Ors2karS4GNTHB2gQj-SeVoIOcDd6ev-2_Oeusee6JSk4ealjKdr4tqhm3ePUoA12i5DdEKEBjNXfEoJXFN0mDfR9TaGG1RKkCFg5VRaArD0HPupWffH58PR2g:1pabXA:0aseq77cpP2WJC0pupGtBfSsbZc6XNwOsYywH3APbaM", "expire_date": "2023-03-24T12:07:40.291Z"}}, {"model": "sessions.session", "pk": "9wrmkwnhgfkzaqynixpq3s91dhvjcm0z", "fields": {"session_data": ".eJxVjMsOwiAQRf-FtSFQHu24dO83kBkGpGogKe3K-O_apAvd3nPOfYmA21rC1tMSZhZnocXpdyOMj1R3wHestyZjq-syk9wVedAur43T83K4fwcFe_nWzhA44IxaZetGCwCYvYGsBwUWjALtYpwGlckbhTBOySMkzkyWwLJ4fwDExDeU:1pgm2y:sXkldnudN5A_AE0qZSUZLMVOX0IdRT9Nq-9w7UNGG6I", "expire_date": "2023-04-10T12:34:00.580Z"}}, {"model": "sessions.session", "pk": "9y70ad3vupvtt4ji5l0v4g3zr9uxa338", "fields": {"session_data": ".eJxVjMsOwiAQRf-FtSFQHu24dO83kBkGpGogKe3K-O_apAvd3nPOfYmA21rC1tMSZhZnocXpdyOMj1R3wHestyZjq-syk9wVedAur43T83K4fwcFe_nWzhA44IxaZetGCwCYvYGsBwUWjALtYpwGlckbhTBOySMkzkyWwLJ4fwDExDeU:1pRvOG:I19jOnO6NnPl9d6uMT9y-b5Ojduxyo7y0CpR_pjuvFk", "expire_date": "2023-02-28T13:30:36.843Z"}}, {"model": "sessions.session", "pk": "cx5rbcuihs5m56cmcc42lac4881sspqu", "fields": {"session_data": ".eJxVjU0OgjAQhe_StSHTUmlhpxdphpkhNJJiaEk0xrsLhoUu39_3XirgWsawZllCZNUpA-r0a_ZIN0l7gtO02xUSzWsq1bdzxLm6bEpSiYQlzul6rP5QI-Zx4zD0nhsR5Fr7ht3AHqztz9BYbwi1RQ3EWLesiVuHBK41zmsAN2hTux2aJeftJsjjHpen6uD9Ae6VQ3M:1peBWu:JAao7hJio24ChehnDmbDn6ZYo0nK-B6uKu5ANBSKe0Q", "expire_date": "2023-04-03T09:10:12.213Z"}}, {"model": "sessions.session", "pk": "ey7k6pu582y9xhoet53wn0nf22dl924e", "fields": {"session_data": ".eJxVjUEOgyAQRe_CujGAow7u6kXIgGMkNdgIJm2a3r3YuGiX_7-Z91_C0p5nuyfebBhFL7S4_HaO_I3jAWhZjroi79c95up7c-JUXUvimIOnHNY4nF9_qpnSXDyyHkk6ROWM7MBLdCA7A7pGRNCMLejJaNUYco3rPBBIbpEmD6oABYc0cUplxvLjHran6OX7A3PiQmY:1pZ7Nm:1RTUDUW_wdaddf0TU5Q2qtwZI1wWhNz8x4VYD7s_zUQ", "expire_date": "2023-03-20T09:43:50.504Z"}}, {"model": "sessions.session", "pk": "gz2uwsyiqn1iy8ywnitltc3vcvvi7veo", "fields": {"session_data": ".eJxVjMsOwiAQRf-FtSFQHu24dO83kBkGpGogKe3K-O_apAvd3nPOfYmA21rC1tMSZhZnocXpdyOMj1R3wHestyZjq-syk9wVedAur43T83K4fwcFe_nWzhA44IxaZetGCwCYvYGsBwUWjALtYpwGlckbhTBOySMkzkyWwLJ4fwDExDeU:1pUOpA:tVIVWCM99RYKwKzlx8GGA9IYmwB8sr-e1oM-PQozfNA", "expire_date": "2023-03-07T09:20:36.365Z"}}, {"model": "sessions.session", "pk": "qvs7k28xxkj6ybe0ijdrqm5ofb3ttvjf", "fields": {"session_data": "eyJhY2NvdW50X3ZlcmlmaWVkX2VtYWlsIjpudWxsLCJhY2NvdW50X3VzZXIiOiJpIn0:1pav6D:Mkagn96pVklSbuxKxN4iHGr-yCipQUUpmngE9eBbFAI", "expire_date": "2023-03-25T09:01:09.024Z"}}, {"model": "sessions.session", "pk": "vvsu8glfw4h4ayosyxqcce9x85pbcs7z", "fields": {"session_data": ".eJxVjMsOwiAQRf-FtSFQHu24dO83kBkGpGogKe3K-O_apAvd3nPOfYmA21rC1tMSZhZnocXpdyOMj1R3wHestyZjq-syk9wVedAur43T83K4fwcFe_nWzhA44IxaZetGCwCYvYGsBwUWjALtYpwGlckbhTBOySMkzkyWwLJ4fwDExDeU:1pbfgy:FukPzekjUwSMakWISXRtMqGDGdDyaPRrO2m-2cu6nK4", "expire_date": "2023-03-27T10:46:12.810Z"}}, {"model": "sessions.session", "pk": "x59l3ruov34n1le1lsbt8jf5y9mgfrpa", "fields": {"session_data": ".eJxVjMsOwiAQRf-FtSFQHu24dO83kBkGpGogKe3K-O_apAvd3nPOfYmA21rC1tMSZhZnocXpdyOMj1R3wHestyZjq-syk9wVedAur43T83K4fwcFe_nWzhA44IxaZetGCwCYvYGsBwUWjALtYpwGlckbhTBOySMkzkyWwLJ4fwDExDeU:1peFxj:VDjZhVK3DOo4j9Q-64DGTIWexn4Wd03wyW1rOZ0fx8M", "expire_date": "2023-04-03T13:54:11.710Z"}}, {"model": "sites.site", "pk": 1, "fields": {"domain": "127.0.0.1", "name": "example.com"}}, {"model": "flatpages.flatpage", "pk": 1, "fields": {"url": "/about/", "title": "Title", "content": "Content", "enable_comments": false, "template_name": "", "registration_required": false, "sites": [1]}}, {"model": "simpleapp.product", "pk": 1, "fields": {"name": "Laptop2", "description": "ism", "quantity": 1, "category": 1, "price": 50000.0}}, {"model": "simpleapp.product", "pk": 2, "fields": {"name": "123", "description": "321455555555555555555555555555555555555555", "quantity": 1, "category": 1, "price": 1000000000.0}}, {"model": "simpleapp.product", "pk": 3, "fields": {"name": "iMac", "description": "123", "quantity": 2, "category": 1, "price": 100500.0}}, {"model": "simpleapp.product", "pk": 4, "fields": {"name": "ASUS", "description": "notebook", "quantity": 2, "category": 1, "price": 53000.0}}, {"model": "simpleapp.product", "pk": 5, "fields": {"name": "Xiaomi Laptop", "description": "123", "quantity": 2, "category": 1, "price": 73000.0}}, {"model": "simpleapp.product", "pk": 6, "fields": {"name": "Pr", "description": "Test", "quantity": 1, "category": 1, "price": 1.0}}, {"model": "simpleapp.product", "pk": 7, "fields": {"name": "Hartens", "description": "?", "quantity": 1, "category": 1, "price": 1.0}}, {"model": "simpleapp.product", "pk": 8, "fields": {"name": "╥хыхтшчюЁ", "description": "√", "quantity": 1, "category": 1, "price": 2.0}}, {"model": "simpleapp.product", "pk": 9, "fields": {"name": "Sss", "description": "ssss2222222222222222222222222222", "quantity": 111, "category": 1, "price": 222.0}}, {"model": "simpleapp.product", "pk": 13, "fields": {"name": "Samsung", "description": "+100500", "quantity": 5, "category": 2, "price": 100500.0}}, {"model": "simpleapp.product", "pk": 14, "fields": {"name": "Iphone", "description": "XR", "quantity": 2, "category": 3, "price": 30000.0}}, {"model": "simpleapp.product", "pk": 15, "fields": {"name": "111", "description": "333", "quantity": 1, "category": 1, "price": 5.0}}, {"model": "simpleapp.product", "pk": 16, "fields": {"name": "23213", "description": "5325herhg", "quantity": 2, "category": 1, "price": 111.0}}, {"model": "simpleapp.product", "pk": 17, "fields": {"name": "Nokia", "description": "3610", "quantity": 1, "category": 3, "price": 2000.0}}, {"model": "simpleapp.product", "pk": 18, "fields": {"name": "Samsung Galaxy Gio", "description": "Galaxy Gio", "quantity": 1, "category": 3, "price": 2000.0}}, {"model": "simpleapp.product", "pk": 19, "fields": {"name": "3123124", "description": "53245", "quantity": 421, "category": 3, "price": 4214.0}}, {"model": "simpleapp.product", "pk": 20, "fields": {"name": "ssdsad", "description": "fewfwef", "quantity": 2, "category": 2, "price": 31231.0}}, {"model": "simpleapp.product", "pk": 21, "fields": {"name": "Blalbawd", "description": "t4t23t32", "quantity": 3, "category": 3, "price": 100500.0}}, {"model": "simpleapp.product", "pk": 22, "fields": {"name": "Kjjjjf", "description": "f32f32", "quantity": 2, "category": 2, "price": 5252.0}}, {"model": "simpleapp.product", "pk": 23, "fields": {"name": "55125", "description": "5125152", "quantity": 5, "category": 2, "price": 5325325.0}}, {"model": "simpleapp.category", "pk": 1, "fields": {"name": "Notebooks"}}, {"model": "simpleapp.category", "pk": 2, "fields": {"name": "╥хыхтшчюЁ√"}}, {"model": "simpleapp.category", "pk": 3, "fields": {"name": "╥хыхЇюэ√"}}, {"model": "simpleapp.subscription", "pk": 8, "fields": {"user": 1, "category": 3}}, {"model": "simpleapp.subscription", "pk": 9, "fields": {"user": 20, "category": 3}}, {"model": "simpleapp.subscription", "pk": 10, "fields": {"user": 20, "category": 2}}, {"model": "simpleapp.subscription", "pk": 11, "fields": {"user": 20, "category": 1}}, {"model": "account.emailaddress", "pk": 18, "fields": {"user": 20, "email": "dotasymphony@gmail.com", "verified": true, "primary": true}}, {"model": "account.emailaddress", "pk": 19, "fields": {"user": 21, "email": "a.v.pltnv@gmail.com", "verified": false, "primary": true}}, {"model": "socialaccount.socialapp", "pk": 1, "fields": {"provider": "yandex", "name": "Yandex", "client_id": "77e275ecf7cf4f29b03666648c84092b", "secret": "1d0ee7fa4691446f82d68f0a44ae7022", "key": "", "sites": [1]}}, {"model": "django_apscheduler.djangojob", "pk": "delete_old_job_executions", "fields": {"next_run_time": "2023-03-19T21:00:00Z", "job_state": "gAWVkAQAAAAAAAB9lCiMB3ZlcnNpb26USwGMAmlklIwZZGVsZXRlX29sZF9qb2JfZXhlY3V0aW9uc5SMBGZ1bmOUjEZzaW1wbGVhcHAubWFuYWdlbWVudC5jb21tYW5kcy5ydW5hcHNjaGVkdWxlcjpkZWxldGVfb2xkX2pvYl9leGVjdXRpb25zlIwHdHJpZ2dlcpSMGWFwc2NoZWR1bGVyLnRyaWdnZXJzLmNyb26UjAtDcm9uVHJpZ2dlcpSTlCmBlH2UKGgBSwKMCHRpbWV6b25llIwbcHl0el9kZXByZWNhdGlvbl9zaGltLl9pbXBslIwJd3JhcF96b25llJOUjAhidWlsdGluc5SMB2dldGF0dHKUk5SMCHpvbmVpbmZvlIwIWm9uZUluZm+Uk5SMCV91bnBpY2tsZZSGlFKUjA1FdXJvcGUvTW9zY293lEsBhpRSlGgZhpRSlIwKc3RhcnRfZGF0ZZROjAhlbmRfZGF0ZZROjAZmaWVsZHOUXZQojCBhcHNjaGVkdWxlci50cmlnZ2Vycy5jcm9uLmZpZWxkc5SMCUJhc2VGaWVsZJSTlCmBlH2UKIwEbmFtZZSMBHllYXKUjAppc19kZWZhdWx0lIiMC2V4cHJlc3Npb25zlF2UjCVhcHNjaGVkdWxlci50cmlnZ2Vycy5jcm9uLmV4cHJlc3Npb25zlIwNQWxsRXhwcmVzc2lvbpSTlCmBlH2UjARzdGVwlE5zYmF1YmgijApNb250aEZpZWxklJOUKYGUfZQoaCeMBW1vbnRolGgpiGgqXZRoLimBlH2UaDFOc2JhdWJoIowPRGF5T2ZNb250aEZpZWxklJOUKYGUfZQoaCeMA2RheZRoKYhoKl2UaC4pgZR9lGgxTnNiYXViaCKMCVdlZWtGaWVsZJSTlCmBlH2UKGgnjAR3ZWVrlGgpiGgqXZRoLimBlH2UaDFOc2JhdWJoIowORGF5T2ZXZWVrRmllbGSUk5QpgZR9lChoJ4wLZGF5X29mX3dlZWuUaCmJaCpdlGgsjBZXZWVrZGF5UmFuZ2VFeHByZXNzaW9ulJOUKYGUfZQoaDFOjAVmaXJzdJRLAIwEbGFzdJRLAHViYXViaCQpgZR9lChoJ4wEaG91cpRoKYloKl2UaCyMD1JhbmdlRXhwcmVzc2lvbpSTlCmBlH2UKGgxTmhUSwBoVUsAdWJhdWJoJCmBlH2UKGgnjAZtaW51dGWUaCmJaCpdlGhbKYGUfZQoaDFOaFRLAGhVSwB1YmF1YmgkKYGUfZQoaCeMBnNlY29uZJRoKYhoKl2UaFspgZR9lChoMU5oVEsAaFVLAHViYXViZYwGaml0dGVylE51YowIZXhlY3V0b3KUjAdkZWZhdWx0lIwEYXJnc5QpjAZrd2FyZ3OUfZRoJ2gDjBJtaXNmaXJlX2dyYWNlX3RpbWWUSwGMCGNvYWxlc2NllIiMDW1heF9pbnN0YW5jZXOUSwGMDW5leHRfcnVuX3RpbWWUjAhkYXRldGltZZSMCGRhdGV0aW1llJOUQwoH5wMUAAAAAAAAlGgdhpRSlHUu"}}, {"model": "django_apscheduler.djangojob", "pk": "my_job", "fields": {"next_run_time": "2023-03-13T12:38:20Z", "job_state": "gAWVDQQAAAAAAAB9lCiMB3ZlcnNpb26USwGMAmlklIwGbXlfam9ilIwEZnVuY5SMM3NpbXBsZWFwcC5tYW5hZ2VtZW50LmNvbW1hbmRzLnJ1bmFwc2NoZWR1bGVyOm15X2pvYpSMB3RyaWdnZXKUjBlhcHNjaGVkdWxlci50cmlnZ2Vycy5jcm9ulIwLQ3JvblRyaWdnZXKUk5QpgZR9lChoAUsCjAh0aW1lem9uZZSMG3B5dHpfZGVwcmVjYXRpb25fc2hpbS5faW1wbJSMCXdyYXBfem9uZZSTlIwIYnVpbHRpbnOUjAdnZXRhdHRylJOUjAh6b25laW5mb5SMCFpvbmVJbmZvlJOUjAlfdW5waWNrbGWUhpRSlIwNRXVyb3BlL01vc2Nvd5RLAYaUUpRoGYaUUpSMCnN0YXJ0X2RhdGWUTowIZW5kX2RhdGWUTowGZmllbGRzlF2UKIwgYXBzY2hlZHVsZXIudHJpZ2dlcnMuY3Jvbi5maWVsZHOUjAlCYXNlRmllbGSUk5QpgZR9lCiMBG5hbWWUjAR5ZWFylIwKaXNfZGVmYXVsdJSIjAtleHByZXNzaW9uc5RdlIwlYXBzY2hlZHVsZXIudHJpZ2dlcnMuY3Jvbi5leHByZXNzaW9uc5SMDUFsbEV4cHJlc3Npb26Uk5QpgZR9lIwEc3RlcJROc2JhdWJoIowKTW9udGhGaWVsZJSTlCmBlH2UKGgnjAVtb250aJRoKYhoKl2UaC4pgZR9lGgxTnNiYXViaCKMD0RheU9mTW9udGhGaWVsZJSTlCmBlH2UKGgnjANkYXmUaCmIaCpdlGguKYGUfZRoMU5zYmF1YmgijAlXZWVrRmllbGSUk5QpgZR9lChoJ4wEd2Vla5RoKYhoKl2UaC4pgZR9lGgxTnNiYXViaCKMDkRheU9mV2Vla0ZpZWxklJOUKYGUfZQoaCeMC2RheV9vZl93ZWVrlGgpiGgqXZRoLimBlH2UaDFOc2JhdWJoJCmBlH2UKGgnjARob3VylGgpiGgqXZRoLimBlH2UaDFOc2JhdWJoJCmBlH2UKGgnjAZtaW51dGWUaCmIaCpdlGguKYGUfZRoMU5zYmF1YmgkKYGUfZQoaCeMBnNlY29uZJRoKYloKl2UaC4pgZR9lGgxSwpzYmF1YmWMBmppdHRlcpROdWKMCGV4ZWN1dG9ylIwHZGVmYXVsdJSMBGFyZ3OUKYwGa3dhcmdzlH2UaCdoA4wSbWlzZmlyZV9ncmFjZV90aW1llEsBjAhjb2FsZXNjZZSIjA1tYXhfaW5zdGFuY2VzlEsBjA1uZXh0X3J1bl90aW1llIwIZGF0ZXRpbWWUjAhkYXRldGltZZSTlEMKB+cDDQ8mFAAAAJRoHYaUUpR1Lg=="}}, {"model": "django_apscheduler.djangojobexecution", "pk": 1, "fields": {"job": "my_job", "status": "Error!", "run_time": "2023-03-13T12:28:30Z", "duration": "0.02", "finished": "1678710510.02", "exception": "mail_managers() missing 2 required positional arguments: 'subject' and 'message'", "traceback": "  File \"C:\\dev\\pltnv\\products_django_\\venv\\lib\\site-packages\\apscheduler\\executors\\base.py\", line 125, in run_job\n    retval = job.func(*job.args, **job.kwargs)\n  File \"C:\\dev\\pltnv\\products_django_\\productsweb\\simpleapp\\management\\commands\\runapscheduler.py\", line 24, in my_job\n    print(mail_managers())\n"}}, {"model": "django_apscheduler.djangojobexecution", "pk": 2, "fields": {"job": "my_job", "status": "Error!", "run_time": "2023-03-13T12:29:30Z", "duration": "0.02", "finished": "1678710570.02", "exception": "mail_managers() missing 2 required positional arguments: 'subject' and 'message'", "traceback": "  File \"C:\\dev\\pltnv\\products_django_\\venv\\lib\\site-packages\\apscheduler\\executors\\base.py\", line 125, in run_job\n    retval = job.func(*job.args, **job.kwargs)\n  File \"C:\\dev\\pltnv\\products_django_\\productsweb\\simpleapp\\management\\commands\\runapscheduler.py\", line 24, in my_job\n    print(mail_managers())\n"}}, {"model": "django_apscheduler.djangojobexecution", "pk": 3, "fields": {"job": "my_job", "status": "Error!", "run_time": "2023-03-13T12:30:30Z", "duration": "0.02", "finished": "1678710630.02", "exception": "mail_managers() missing 2 required positional arguments: 'subject' and 'message'", "traceback": "  File \"C:\\dev\\pltnv\\products_django_\\venv\\lib\\site-packages\\apscheduler\\executors\\base.py\", line 125, in run_job\n    retval = job.func(*job.args, **job.kwargs)\n  File \"C:\\dev\\pltnv\\products_django_\\productsweb\\simpleapp\\management\\commands\\runapscheduler.py\", line 24, in my_job\n    print(mail_managers())\n"}}, {"model": "django_apscheduler.djangojobexecution", "pk": 4, "fields": {"job": "my_job", "status": "Error!", "run_time": "2023-03-13T12:31:30Z", "duration": "0.04", "finished": "1678710690.04", "exception": "mail_managers() missing 2 required positional arguments: 'subject' and 'message'", "traceback": "  File \"C:\\dev\\pltnv\\products_django_\\venv\\lib\\site-packages\\apscheduler\\executors\\base.py\", line 125, in run_job\n    retval = job.func(*job.args, **job.kwargs)\n  File \"C:\\dev\\pltnv\\products_django_\\productsweb\\simpleapp\\management\\commands\\runapscheduler.py\", line 24, in my_job\n    print(mail_managers())\n"}}, {"model": "django_apscheduler.djangojobexecution", "pk": 5, "fields": {"job": "my_job", "status": "Error!", "run_time": "2023-03-13T12:32:30Z", "duration": "0.04", "finished": "1678710750.04", "exception": "mail_managers() missing 2 required positional arguments: 'subject' and 'message'", "traceback": "  File \"C:\\dev\\pltnv\\products_django_\\venv\\lib\\site-packages\\apscheduler\\executors\\base.py\", line 125, in run_job\n    retval = job.func(*job.args, **job.kwargs)\n  File \"C:\\dev\\pltnv\\products_django_\\productsweb\\simpleapp\\management\\commands\\runapscheduler.py\", line 24, in my_job\n    print(mail_managers())\n"}}, {"model": "django_apscheduler.djangojobexecution", "pk": 6, "fields": {"job": "my_job", "status": "Executed", "run_time": "2023-03-13T12:33:50Z", "duration": "0.02", "finished": "1678710830.02", "exception": null, "traceback": null}}, {"model": "django_apscheduler.djangojobexecution", "pk": 7, "fields": {"job": "my_job", "status": "Executed", "run_time": "2023-03-13T12:34:00Z", "duration": "0.03", "finished": "1678710840.03", "exception": null, "traceback": null}}, {"model": "django_apscheduler.djangojobexecution", "pk": 8, "fields": {"job": "my_job", "status": "Executed", "run_time": "2023-03-13T12:34:10Z", "duration": "0.05", "finished": "1678710850.05", "exception": null, "traceback": null}}, {"model": "django_apscheduler.djangojobexecution", "pk": 9, "fields": {"job": "my_job", "status": "Executed", "run_time": "2023-03-13T12:35:10Z", "duration": "0.02", "finished": "1678710910.02", "exception": null, "traceback": null}}, {"model": "django_apscheduler.djangojobexecution", "pk": 10, "fields": {"job": "my_job", "status": "Executed", "run_time": "2023-03-13T12:35:20Z", "duration": "0.04", "finished": "1678710920.04", "exception": null, "traceback": null}}, {"model": "django_apscheduler.djangojobexecution", "pk": 11, "fields": {"job": "my_job", "status": "Executed", "run_time": "2023-03-13T12:35:30Z", "duration": "0.03", "finished": "1678710930.03", "exception": null, "traceback": null}}, {"model": "django_apscheduler.djangojobexecution", "pk": 12, "fields": {"job": "my_job", "status": "Executed", "run_time": "2023-03-13T12:35:40Z", "duration": "0.04", "finished": "1678710940.04", "exception": null, "traceback": null}}, {"model": "django_apscheduler.djangojobexecution", "pk": 13, "fields": {"job": "my_job", "status": "Executed", "run_time": "2023-03-13T12:35:50Z", "duration": "0.03", "finished": "1678710950.03", "exception": null, "traceback": null}}, {"model": "django_apscheduler.djangojobexecution", "pk": 14, "fields": {"job": "my_job", "status": "Executed", "run_time": "2023-03-13T12:36:00Z", "duration": "0.05", "finished": "1678710960.05", "exception": null, "traceback": null}}, {"model": "django_apscheduler.djangojobexecution", "pk": 15, "fields": {"job": "my_job", "status": "Executed", "run_time": "2023-03-13T12:36:10Z", "duration": "0.05", "finished": "1678710970.05", "exception": null, "traceback": null}}, {"model": "django_apscheduler.djangojobexecution", "pk": 16, "fields": {"job": "my_job", "status": "Executed", "run_time": "2023-03-13T12:36:20Z", "duration": "0.03", "finished": "1678710980.03", "exception": null, "traceback": null}}, {"model": "django_apscheduler.djangojobexecution", "pk": 17, "fields": {"job": "my_job", "status": "Executed", "run_time": "2023-03-13T12:36:30Z", "duration": "0.04", "finished": "1678710990.04", "exception": null, "traceback": null}}, {"model": "django_apscheduler.djangojobexecution", "pk": 18, "fields": {"job": "my_job", "status": "Executed", "run_time": "2023-03-13T12:36:40Z", "duration": "0.03", "finished": "1678711000.03", "exception": null, "traceback": null}}, {"model": "django_apscheduler.djangojobexecution", "pk": 19, "fields": {"job": "my_job", "status": "Executed", "run_time": "2023-03-13T12:36:50Z", "duration": "0.04", "finished": "1678711010.04", "exception": null, "traceback": null}}, {"model": "django_apscheduler.djangojobexecution", "pk": 20, "fields": {"job": "my_job", "status": "Executed", "run_time": "2023-03-13T12:37:00Z", "duration": "0.02", "finished": "1678711020.02", "exception": null, "traceback": null}}, {"model": "django_apscheduler.djangojobexecution", "pk": 21, "fields": {"job": "my_job", "status": "Executed", "run_time": "2023-03-13T12:37:50Z", "duration": "0.03", "finished": "1678711070.03", "exception": null, "traceback": null}}]
